gravity,wind_power,turbulence_power,reward
-11.999,10,1,303.69488335819113
-11.999,10,1,62.3351450950793
-11.999,10,1,300.50160727067697
