gravity,wind_power,turbulence_power,reward
-11.999,10,1,190.01152351810578
-11.999,10,1,289.6743056186639
-11.999,10,1,290.53274271251564
